{"rpn/num_pos_anchors": [128.0, 7], "_timestamp": 1693301413.1959007, "rpn/num_neg_anchors": [128.0, 7], "roi_head/num_fg_samples": [50.0, 7], "roi_head/num_bg_samples": [462.0, 7], "stage1/roi_head/num_fg_samples": [43.0, 7], "stage1/roi_head/num_bg_samples": [469.0, 7], "stage2/roi_head/num_fg_samples": [36.0, 7], "stage2/roi_head/num_bg_samples": [476.0, 7], "stage0/fast_rcnn/cls_accuracy": [0.146484375, 7], "stage0/fast_rcnn/fg_cls_accuracy": [0.08571428571428572, 7], "stage0/fast_rcnn/false_negative": [0.10526315789473684, 7], "stage1/fast_rcnn/cls_accuracy": [0.037109375, 7], "stage1/fast_rcnn/fg_cls_accuracy": [0.18604651162790697, 7], "stage1/fast_rcnn/false_negative": [0.08163265306122448, 7], "stage2/fast_rcnn/cls_accuracy": [0.81640625, 7], "stage2/fast_rcnn/fg_cls_accuracy": [0.023809523809523808, 7], "stage2/fast_rcnn/false_negative": [0.775, 7], "rank_data_time": [0.00035521599966159556, 7], "data_time": [0.00035521599966159556, 7], "total_loss": [8.21209605038166, 7], "loss_cls_stage0": [2.0836305618286133, 7], "loss_box_reg_stage0": [0.30624282360076904, 7], "loss_cls_stage1": [2.6527299880981445, 7], "loss_box_reg_stage1": [0.4555037021636963, 7], "loss_cls_stage2": [0.9071562886238098, 7], "loss_box_reg_stage2": [0.31030774116516113, 7], "loss_rpn_cls": [0.7442554235458374, 7], "loss_rpn_loc": [0.9463708400726318, 7], "lr": [3.385040674328202e-06, 7], "time": [1.1273562690003018, 7], "_runtime": 20.451066732406616, "_step": 8, "_wandb": {"runtime": 19}}