{"num_pos_anchors": [128.0, 7], "_timestamp": 1693302522.051569, "_runtime": 17.11071801185608, "_step": 31, "num_neg_anchors": [128.0, 7], "num_fg_samples": [36.0, 7], "num_bg_samples": [476.0, 7], "cls_accuracy": [0.81640625, 7], "fg_cls_accuracy": [0.0, 7], "false_negative": [0.7894736842105263, 7], "rank_data_time": 0.0007336129783652723, "data_time": 0.0007336129783652723, "total_loss": 8.476621627807617, "loss_cls_stage0": 2.087127685546875, "loss_box_reg_stage0": 0.3132358491420746, "loss_cls_stage1": 2.666049003601074, "loss_box_reg_stage1": 0.443527489900589, "loss_cls_stage2": 0.8686556816101074, "loss_box_reg_stage2": 0.30723196268081665, "loss_rpn_cls": 0.7168154120445251, "loss_rpn_loc": 0.9313907623291016, "lr": 3.3850405998236965e-06, "time": 1.3795150518417358, "global_step": 8, "rpn/num_pos_anchors": 128.0, "rpn/num_neg_anchors": 128.0, "roi_head/num_fg_samples": 50.5, "roi_head/num_bg_samples": 461.5, "stage1/roi_head/num_fg_samples": 43.0, "stage1/roi_head/num_bg_samples": 469.0, "stage2/roi_head/num_fg_samples": 32.0, "stage2/roi_head/num_bg_samples": 480.0, "stage0/fast_rcnn/cls_accuracy": 0.1455078125, "stage0/fast_rcnn/fg_cls_accuracy": 0.09808612614870071, "stage0/fast_rcnn/false_negative": 0.15714286267757416, "stage1/fast_rcnn/cls_accuracy": 0.041015625, "stage1/fast_rcnn/fg_cls_accuracy": 0.16673903167247772, "stage1/fast_rcnn/false_negative": 0.06976744532585144, "stage2/fast_rcnn/cls_accuracy": 0.81640625, "stage2/fast_rcnn/fg_cls_accuracy": 0.0, "stage2/fast_rcnn/false_negative": 0.7975146174430847, "eta_seconds": 82758.4921875, "_wandb": {"runtime": 16}}