{"rpn/num_pos_anchors": 128.0, "_timestamp": 1693301784.2133906, "_runtime": 22.393558502197266, "_step": 31, "rpn/num_neg_anchors": 128.0, "roi_head/num_fg_samples": 51.0, "roi_head/num_bg_samples": 461.0, "stage1/roi_head/num_fg_samples": 43.0, "stage1/roi_head/num_bg_samples": 469.0, "stage2/roi_head/num_fg_samples": 32.0, "stage2/roi_head/num_bg_samples": 480.0, "stage0/fast_rcnn/cls_accuracy": 0.1455078125, "stage0/fast_rcnn/fg_cls_accuracy": 0.09808612614870071, "stage0/fast_rcnn/false_negative": 0.15714286267757416, "stage1/fast_rcnn/cls_accuracy": 0.041015625, "stage1/fast_rcnn/fg_cls_accuracy": 0.16673903167247772, "stage1/fast_rcnn/false_negative": 0.07334525883197784, "stage2/fast_rcnn/cls_accuracy": 0.81640625, "stage2/fast_rcnn/fg_cls_accuracy": 0.011111111380159855, "stage2/fast_rcnn/false_negative": 0.7902777791023254, "rank_data_time": 0.0003242995007894933, "data_time": 0.0003242995007894933, "total_loss": 8.476621627807617, "loss_cls_stage0": 2.087127685546875, "loss_box_reg_stage0": 0.3155301809310913, "loss_cls_stage1": 2.666049003601074, "loss_box_reg_stage1": 0.443527489900589, "loss_cls_stage2": 0.8686556816101074, "loss_box_reg_stage2": 0.3176867365837097, "loss_rpn_cls": 0.7168154120445251, "loss_rpn_loc": 0.9313907623291016, "lr": 3.3850405998236965e-06, "time": 1.3499218225479126, "global_step": 8, "eta_seconds": 80983.15625, "_wandb": {"runtime": 20}}