{"rpn/num_pos_anchors": 128.0, "_timestamp": 1693302099.8256783, "_runtime": 19.752148389816284, "_step": 30, "rpn/num_neg_anchors": 128.0, "roi_head/num_fg_samples": 51.0, "roi_head/num_bg_samples": 461.0, "stage1/roi_head/num_fg_samples": 43.0, "stage1/roi_head/num_bg_samples": 469.0, "stage2/roi_head/num_fg_samples": 32.0, "stage2/roi_head/num_bg_samples": 480.0, "stage0/fast_rcnn/cls_accuracy": 0.1455078125, "stage0/fast_rcnn/fg_cls_accuracy": 0.09808612614870071, "stage0/fast_rcnn/false_negative": 0.15714286267757416, "stage1/fast_rcnn/cls_accuracy": 0.041015625, "stage1/fast_rcnn/fg_cls_accuracy": 0.16673903167247772, "stage1/fast_rcnn/false_negative": 0.07261957228183746, "stage2/fast_rcnn/cls_accuracy": 0.81640625, "stage2/fast_rcnn/fg_cls_accuracy": 0.0, "stage2/fast_rcnn/false_negative": 0.7902777791023254, "rank_data_time": 0.0015772159676998854, "data_time": 0.0015772159676998854, "total_loss": 8.508015632629395, "loss_cls_stage0": 2.0906248092651367, "loss_box_reg_stage0": 0.3203873634338379, "loss_cls_stage1": 2.679368019104004, "loss_box_reg_stage1": 0.4555037021636963, "loss_cls_stage2": 0.830155074596405, "loss_box_reg_stage2": 0.31030774116516113, "loss_rpn_cls": 0.7442554235458374, "loss_rpn_loc": 0.9463708400726318, "lr": 3.1871777537162416e-06, "time": 1.5695788860321045, "global_step": 7, "eta_seconds": 94162.171875, "_wandb": {"runtime": 19}}